-- phpMyAdmin SQL Dump
-- version 4.7.4
-- https://www.phpmyadmin.net/
--
-- Host: 127.0.0.1
-- Generation Time: Feb 02, 2021 at 08:19 AM
-- Server version: 10.1.28-MariaDB
-- PHP Version: 7.1.11

SET SQL_MODE = "NO_AUTO_VALUE_ON_ZERO";
SET AUTOCOMMIT = 0;
START TRANSACTION;
SET time_zone = "+00:00";


/*!40101 SET @OLD_CHARACTER_SET_CLIENT=@@CHARACTER_SET_CLIENT */;
/*!40101 SET @OLD_CHARACTER_SET_RESULTS=@@CHARACTER_SET_RESULTS */;
/*!40101 SET @OLD_COLLATION_CONNECTION=@@COLLATION_CONNECTION */;
/*!40101 SET NAMES utf8mb4 */;

--
-- Database: `dbs_monte`
--

-- --------------------------------------------------------

--
-- Table structure for table `tbl_hasil`
--

CREATE TABLE `tbl_hasil` (
  `kd_hasil` int(11) NOT NULL,
  `kd_pakai` int(11) NOT NULL,
  `kd_obat` int(11) NOT NULL,
  `jml_pakai` int(11) NOT NULL,
  `prob_kumulatif` float NOT NULL
) ENGINE=InnoDB DEFAULT CHARSET=latin1;

--
-- Dumping data for table `tbl_hasil`
--

INSERT INTO `tbl_hasil` (`kd_hasil`, `kd_pakai`, `kd_obat`, `jml_pakai`, `prob_kumulatif`) VALUES
(1, 3, 1, 20, 0.08),
(2, 4, 1, 15, 0.17),
(3, 5, 1, 31, 0.25),
(4, 6, 1, 8, 0.33),
(5, 7, 1, 9, 0.42),
(6, 8, 1, 29, 0.5),
(7, 9, 1, 14, 0.58),
(8, 10, 1, 56, 0.67),
(9, 11, 1, 46, 0.75),
(10, 12, 1, 64, 0.83),
(11, 13, 1, 12, 0.92),
(12, 14, 1, 11, 1),
(13, 15, 2, 47, 0.17),
(14, 16, 2, 39, 0.33),
(15, 18, 2, 46, 0.42),
(16, 19, 2, 58, 0.58),
(17, 20, 2, 41, 0.75),
(18, 22, 2, 51, 0.83),
(19, 24, 2, 38, 0.92),
(20, 35, 2, 45, 1),
(21, 37, 3, 27, 0.08),
(22, 38, 3, 23, 0.17),
(23, 39, 3, 34, 0.25),
(24, 40, 3, 33, 0.33),
(25, 41, 3, 28, 0.5),
(26, 42, 3, 41, 0.58),
(27, 43, 3, 29, 0.67),
(28, 44, 3, 38, 0.75),
(29, 45, 3, 21, 0.83),
(30, 46, 3, 26, 0.92),
(31, 48, 3, 22, 1),
(32, 49, 4, 38, 0.08),
(33, 50, 4, 31, 0.17),
(34, 51, 4, 28, 0.25),
(35, 52, 4, 29, 0.42),
(36, 53, 4, 42, 0.5),
(37, 54, 4, 40, 0.58),
(38, 55, 4, 35, 0.75),
(39, 56, 4, 36, 0.83),
(40, 57, 4, 37, 0.92),
(41, 60, 4, 20, 1),
(42, 61, 5, 14, 0.08),
(43, 62, 5, 12, 0.17),
(44, 63, 5, 21, 0.25),
(45, 64, 5, 8, 0.42),
(46, 65, 5, 5, 0.5),
(47, 66, 5, 87, 0.58),
(48, 67, 5, 15, 0.67),
(49, 68, 5, 98, 0.75),
(50, 69, 5, 76, 0.83),
(51, 70, 5, 121, 0.92),
(52, 72, 5, 56, 1),
(53, 73, 7, 23, 0.08),
(54, 74, 7, 45, 0.25),
(55, 75, 7, 32, 0.33),
(56, 76, 7, 22, 0.42),
(57, 77, 7, 55, 0.5),
(58, 78, 7, 35, 0.58),
(59, 79, 7, 67, 0.67),
(60, 80, 7, 30, 0.75),
(61, 81, 7, 25, 0.92),
(62, 84, 7, 10, 1),
(63, 85, 8, 5, 0.08),
(64, 86, 8, 2, 0.33),
(65, 88, 8, 4, 0.58),
(66, 89, 8, 6, 0.67),
(67, 90, 8, 8, 0.75),
(68, 91, 8, 3, 1),
(69, 97, 9, 30, 0.17),
(70, 98, 9, 32, 0.25),
(71, 100, 9, 40, 0.33),
(72, 101, 9, 34, 0.42),
(73, 102, 9, 60, 0.5),
(74, 103, 9, 48, 0.58),
(75, 104, 9, 41, 0.67),
(76, 105, 9, 39, 0.75),
(77, 106, 9, 38, 0.83),
(78, 107, 9, 42, 0.92),
(79, 108, 9, 47, 1),
(80, 109, 10, 350, 0.08),
(81, 110, 10, 400, 0.17),
(82, 111, 10, 650, 0.25),
(83, 112, 10, 728, 0.33),
(84, 113, 10, 1100, 0.42),
(85, 114, 10, 800, 0.5),
(86, 115, 10, 629, 0.58),
(87, 116, 10, 540, 0.67),
(88, 117, 10, 380, 0.75),
(89, 118, 10, 485, 0.83),
(90, 119, 10, 376, 0.92),
(91, 120, 10, 342, 1),
(92, 121, 11, 899, 0.08),
(93, 122, 11, 890, 0.17),
(94, 123, 11, 615, 0.25),
(95, 124, 11, 1067, 0.33),
(96, 125, 11, 990, 0.42),
(97, 126, 11, 917, 0.5),
(98, 127, 11, 863, 0.58),
(99, 128, 11, 790, 0.75),
(100, 129, 11, 940, 0.83),
(101, 130, 11, 742, 0.92),
(102, 131, 11, 845, 1),
(103, 133, 12, 3, 0.25),
(104, 134, 12, 4, 0.42),
(105, 136, 12, 6, 0.5),
(106, 137, 12, 9, 0.58),
(107, 139, 12, 11, 0.67),
(108, 141, 12, 5, 0.75),
(109, 142, 12, 7, 0.83),
(110, 143, 12, 1, 1),
(111, 145, 13, 38, 0.08),
(112, 146, 13, 42, 0.17),
(113, 147, 13, 37, 0.33),
(114, 148, 13, 46, 0.42),
(115, 149, 13, 29, 0.5),
(116, 150, 13, 41, 0.58),
(117, 152, 13, 34, 0.67),
(118, 153, 13, 39, 0.75),
(119, 154, 13, 44, 0.83),
(120, 155, 13, 55, 0.92),
(121, 156, 13, 58, 1),
(122, 157, 14, 3, 0.25),
(123, 158, 14, 4, 0.42),
(124, 159, 14, 2, 0.92),
(125, 162, 14, 1, 1),
(126, 169, 15, 370, 0.08),
(127, 170, 15, 340, 0.17),
(128, 171, 15, 412, 0.25),
(129, 172, 15, 356, 0.33),
(130, 173, 15, 291, 0.42),
(131, 174, 15, 341, 0.5),
(132, 175, 15, 437, 0.58),
(133, 176, 15, 315, 0.67),
(134, 177, 15, 296, 0.75),
(135, 178, 15, 342, 0.83),
(136, 179, 15, 275, 0.92),
(137, 180, 15, 225, 1),
(138, 181, 16, 99, 0.08),
(139, 182, 16, 227, 0.17),
(140, 183, 16, 300, 0.25),
(141, 184, 16, 234, 0.42),
(142, 186, 16, 167, 0.5),
(143, 187, 16, 321, 0.58),
(144, 188, 16, 450, 0.67),
(145, 189, 16, 231, 0.75),
(146, 190, 16, 178, 0.83),
(147, 191, 16, 212, 0.92),
(148, 192, 16, 455, 1),
(149, 193, 17, 7, 0.25),
(150, 194, 17, 6, 0.42),
(151, 195, 17, 9, 0.5),
(152, 196, 17, 8, 0.75),
(153, 199, 17, 5, 0.92),
(154, 202, 17, 4, 1),
(155, 205, 18, 316, 0.08),
(156, 206, 18, 279, 0.17),
(157, 207, 18, 302, 0.25),
(158, 208, 18, 285, 0.33),
(159, 209, 18, 377, 0.42),
(160, 210, 18, 327, 0.5),
(161, 211, 18, 288, 0.58),
(162, 212, 18, 301, 0.67),
(163, 213, 18, 259, 0.75),
(164, 214, 18, 286, 0.83),
(165, 215, 18, 241, 0.92),
(166, 216, 18, 239, 1),
(167, 217, 19, 177, 0.08),
(168, 218, 19, 109, 0.17),
(169, 219, 19, 286, 0.25),
(170, 220, 19, 205, 0.33),
(171, 221, 19, 186, 0.42),
(172, 222, 19, 165, 0.5),
(173, 223, 19, 112, 0.67),
(174, 224, 19, 175, 0.75),
(175, 225, 19, 101, 0.83),
(176, 226, 19, 86, 1),
(177, 229, 20, 350, 0.08),
(178, 230, 20, 212, 0.17),
(179, 231, 20, 217, 0.25),
(180, 232, 20, 360, 0.33),
(181, 233, 20, 421, 0.42),
(182, 234, 20, 300, 0.5),
(183, 235, 20, 4000, 0.58),
(184, 236, 20, 6000, 0.67),
(185, 237, 20, 1800, 0.75),
(186, 238, 20, 3000, 0.83),
(187, 239, 20, 2500, 0.92),
(188, 240, 20, 1500, 1),
(189, 241, 21, 3, 0.25),
(190, 242, 21, 2, 0.67),
(191, 243, 21, 1, 0.83),
(192, 245, 21, 4, 0.92),
(193, 248, 21, 5, 1),
(194, 253, 22, 21, 0.17),
(195, 254, 22, 17, 0.33),
(196, 255, 22, 20, 0.42),
(197, 256, 22, 19, 0.58),
(198, 257, 22, 23, 0.75),
(199, 262, 22, 11, 0.83),
(200, 263, 22, 13, 0.92),
(201, 264, 22, 12, 1),
(202, 265, 23, 41, 0.08),
(203, 266, 23, 36, 0.33),
(204, 267, 23, 44, 0.42),
(205, 268, 23, 29, 0.5),
(206, 269, 23, 39, 0.58),
(207, 272, 23, 27, 0.67),
(208, 273, 23, 31, 0.75),
(209, 274, 23, 42, 0.83),
(210, 275, 23, 37, 0.92),
(211, 276, 23, 52, 1),
(212, 277, 24, 10, 0.08),
(213, 278, 24, 99, 0.17),
(214, 279, 24, 14, 0.25),
(215, 280, 24, 17, 0.33),
(216, 281, 24, 15, 0.42),
(217, 282, 24, 43, 0.5),
(218, 283, 24, 67, 0.58),
(219, 284, 24, 34, 0.67),
(220, 285, 24, 23, 0.75),
(221, 286, 24, 12, 0.83),
(222, 287, 24, 11, 0.92),
(223, 288, 24, 13, 1),
(224, 289, 25, 10, 0.08),
(225, 290, 25, 20, 0.17),
(226, 291, 25, 11, 0.33),
(227, 293, 25, 32, 0.42),
(228, 294, 25, 38, 0.5),
(229, 295, 25, 17, 0.67),
(230, 296, 25, 22, 0.75),
(231, 298, 25, 14, 0.83),
(232, 299, 25, 12, 0.92),
(233, 300, 25, 61, 1),
(234, 301, 26, 12, 0.42),
(235, 303, 26, 14, 0.5),
(236, 304, 26, 11, 0.67),
(237, 305, 26, 9, 0.75),
(238, 307, 26, 45, 0.83),
(239, 308, 26, 23, 0.92),
(240, 309, 26, 27, 1),
(241, 322, 27, 1, 0.75),
(242, 323, 27, 2, 1),
(243, 334, 28, 819, 0.08),
(244, 335, 28, 789, 0.17),
(245, 336, 28, 888, 0.25),
(246, 337, 28, 679, 0.33),
(247, 338, 28, 743, 0.42),
(248, 339, 28, 816, 0.5),
(249, 340, 28, 914, 0.58),
(250, 341, 28, 827, 0.67),
(251, 342, 28, 921, 0.75),
(252, 343, 28, 764, 0.83),
(253, 344, 28, 820, 0.92),
(254, 345, 28, 718, 1),
(255, 346, 29, 12, 0.08),
(256, 347, 29, 22, 0.17),
(257, 348, 29, 4, 0.58),
(258, 349, 29, 7, 0.67),
(259, 350, 29, 8, 0.75),
(260, 352, 29, 3, 0.92),
(261, 354, 29, 9, 1),
(262, 358, 30, 30, 0.08),
(263, 359, 30, 24, 0.17),
(264, 360, 30, 21, 0.25),
(265, 361, 30, 12, 0.33),
(266, 362, 30, 5, 0.42),
(267, 363, 30, 8, 0.5),
(268, 364, 30, 15, 0.58),
(269, 365, 30, 17, 0.67),
(270, 366, 30, 16, 0.75),
(271, 367, 30, 6, 0.83),
(272, 368, 30, 9, 1),
(273, 370, 31, 18, 0.08),
(274, 371, 31, 20, 0.17),
(275, 372, 31, 31, 0.25),
(276, 373, 31, 12, 0.42),
(277, 374, 31, 19, 0.5),
(278, 375, 31, 29, 0.58),
(279, 376, 31, 14, 0.67),
(280, 377, 31, 56, 0.75),
(281, 378, 31, 46, 0.83),
(282, 379, 31, 64, 0.92),
(283, 381, 31, 11, 1),
(284, 382, 32, 47, 0.17),
(285, 383, 32, 39, 0.33),
(286, 384, 32, 46, 0.42),
(287, 385, 32, 58, 0.58),
(288, 386, 32, 41, 0.75),
(289, 388, 32, 51, 0.83),
(290, 390, 32, 38, 0.92),
(291, 392, 32, 45, 1),
(292, 394, 33, 27, 0.08),
(293, 395, 33, 23, 0.17),
(294, 396, 33, 34, 0.25),
(295, 397, 33, 33, 0.33),
(296, 398, 33, 28, 0.5),
(297, 399, 33, 41, 0.58),
(298, 400, 33, 29, 0.67),
(299, 401, 33, 38, 0.75),
(300, 402, 33, 21, 0.83),
(301, 403, 33, 26, 0.92),
(302, 405, 33, 22, 1),
(303, 406, 34, 38, 0.08),
(304, 407, 34, 31, 0.17),
(305, 408, 34, 28, 0.25),
(306, 409, 34, 29, 0.42),
(307, 410, 34, 42, 0.5),
(308, 411, 34, 40, 0.58),
(309, 412, 34, 35, 0.75),
(310, 413, 34, 36, 0.83),
(311, 414, 34, 37, 0.92),
(312, 417, 34, 20, 1),
(313, 418, 35, 20, 0.25),
(314, 419, 35, 10, 0.42),
(315, 420, 35, 23, 0.5),
(316, 421, 35, 12, 0.58),
(317, 422, 35, 2, 0.67),
(318, 423, 35, 75, 0.75),
(319, 425, 35, 100, 0.83),
(320, 426, 35, 150, 0.92),
(321, 428, 35, 5, 1),
(322, 430, 36, 30, 0.17),
(323, 431, 36, 20, 0.25),
(324, 432, 36, 25, 0.5),
(325, 433, 36, 15, 0.58),
(326, 434, 36, 50, 0.67),
(327, 435, 36, 35, 0.75),
(328, 436, 36, 100, 0.83),
(329, 439, 36, 45, 0.92),
(330, 441, 36, 10, 1),
(331, 442, 37, 6, 0.17),
(332, 443, 37, 4, 0.33),
(333, 444, 37, 2, 0.67),
(334, 445, 37, 5, 0.75),
(335, 446, 37, 7, 0.83),
(336, 450, 37, 1, 0.92),
(337, 452, 37, 3, 1),
(338, 454, 38, 39, 0.17),
(339, 455, 38, 40, 0.25),
(340, 456, 38, 38, 0.42),
(341, 457, 38, 46, 0.5),
(342, 458, 38, 43, 0.58),
(343, 459, 38, 62, 0.67),
(344, 460, 38, 48, 0.75),
(345, 461, 38, 42, 0.92),
(346, 465, 38, 47, 1),
(347, 466, 39, 350, 0.08),
(348, 467, 39, 400, 0.17),
(349, 468, 39, 650, 0.25),
(350, 469, 39, 728, 0.33),
(351, 470, 39, 1100, 0.42),
(352, 471, 39, 800, 0.5),
(353, 472, 39, 629, 0.58),
(354, 473, 39, 540, 0.67),
(355, 474, 39, 380, 0.75),
(356, 475, 39, 485, 0.83),
(357, 476, 39, 376, 0.92),
(358, 477, 39, 342, 1),
(359, 478, 40, 987, 0.08),
(360, 479, 40, 820, 0.17),
(361, 480, 40, 715, 0.25),
(362, 481, 40, 1050, 0.33),
(363, 482, 40, 876, 0.42),
(364, 483, 40, 917, 0.5),
(365, 484, 40, 863, 0.58),
(366, 485, 40, 790, 0.75),
(367, 486, 40, 940, 0.83),
(368, 487, 40, 742, 0.92),
(369, 488, 40, 845, 1),
(370, 490, 41, 2, 0.17),
(371, 491, 41, 5, 0.33),
(372, 492, 41, 4, 0.42),
(373, 493, 41, 1, 0.92),
(374, 499, 41, 3, 1),
(375, 502, 42, 38, 0.08),
(376, 503, 42, 42, 0.17),
(377, 504, 42, 37, 0.33),
(378, 505, 42, 46, 0.42),
(379, 506, 42, 29, 0.5),
(380, 507, 42, 41, 0.58),
(381, 509, 42, 34, 0.67),
(382, 510, 42, 39, 0.75),
(383, 511, 42, 44, 0.83),
(384, 512, 42, 55, 0.92),
(385, 513, 42, 58, 1),
(386, 514, 43, 3, 0.25),
(387, 515, 43, 4, 0.42),
(388, 516, 43, 2, 0.92),
(389, 519, 43, 1, 1),
(390, 526, 44, 370, 0.08),
(391, 527, 44, 340, 0.17),
(392, 528, 44, 412, 0.25),
(393, 529, 44, 356, 0.33),
(394, 530, 44, 291, 0.42),
(395, 531, 44, 341, 0.5),
(396, 532, 44, 437, 0.58),
(397, 533, 44, 315, 0.67),
(398, 534, 44, 296, 0.75),
(399, 535, 44, 342, 0.83),
(400, 536, 44, 275, 0.92),
(401, 537, 44, 225, 1),
(402, 538, 45, 100, 0.08),
(403, 539, 45, 135, 0.25),
(404, 540, 45, 400, 0.33),
(405, 542, 45, 250, 0.42),
(406, 543, 45, 300, 0.5),
(407, 544, 45, 200, 0.67),
(408, 545, 45, 500, 0.83),
(409, 546, 45, 146, 0.92),
(410, 547, 45, 150, 1),
(411, 550, 46, 7, 0.25),
(412, 551, 46, 6, 0.42),
(413, 552, 46, 9, 0.5),
(414, 553, 46, 8, 0.75),
(415, 556, 46, 5, 0.92),
(416, 559, 46, 4, 1),
(417, 562, 47, 316, 0.08),
(418, 563, 47, 279, 0.17),
(419, 564, 47, 302, 0.25),
(420, 565, 47, 285, 0.33),
(421, 566, 47, 377, 0.42),
(422, 567, 47, 327, 0.5),
(423, 568, 47, 288, 0.58),
(424, 569, 47, 301, 0.67),
(425, 570, 47, 259, 0.75),
(426, 571, 47, 286, 0.83),
(427, 572, 47, 241, 0.92),
(428, 573, 47, 239, 1),
(429, 574, 48, 177, 0.08),
(430, 575, 48, 109, 0.17),
(431, 576, 48, 286, 0.25),
(432, 577, 48, 205, 0.33),
(433, 578, 48, 186, 0.42),
(434, 579, 48, 165, 0.5),
(435, 580, 48, 112, 0.67),
(436, 581, 48, 175, 0.75),
(437, 582, 48, 101, 0.83),
(438, 583, 48, 86, 1),
(439, 586, 49, 300, 0.08),
(440, 587, 49, 200, 0.17),
(441, 588, 49, 250, 0.25),
(442, 589, 49, 350, 0.33),
(443, 590, 49, 400, 0.42),
(444, 591, 49, 600, 0.5),
(445, 592, 49, 5000, 0.58),
(446, 593, 49, 6000, 0.67),
(447, 594, 49, 2000, 0.75),
(448, 595, 49, 3000, 0.83),
(449, 596, 49, 2500, 0.92),
(450, 597, 49, 1500, 1),
(451, 602, 50, 3, 0.25),
(452, 603, 50, 2, 0.67),
(453, 604, 50, 1, 0.83),
(454, 606, 50, 4, 0.92),
(455, 609, 50, 5, 1),
(456, 614, 51, 21, 0.17),
(457, 615, 51, 17, 0.33),
(458, 616, 51, 20, 0.42),
(459, 617, 51, 19, 0.58),
(460, 618, 51, 23, 0.75),
(461, 623, 51, 11, 0.83),
(462, 624, 51, 13, 0.92),
(463, 625, 51, 12, 1),
(464, 626, 52, 41, 0.08),
(465, 627, 52, 36, 0.33),
(466, 628, 52, 44, 0.42),
(467, 629, 52, 29, 0.5),
(468, 630, 52, 39, 0.58),
(469, 633, 52, 27, 0.67),
(470, 634, 52, 31, 0.75),
(471, 635, 52, 42, 0.83),
(472, 636, 52, 37, 0.92),
(473, 637, 52, 52, 1),
(474, 638, 53, 12, 0.17),
(475, 639, 53, 111, 0.25),
(476, 640, 53, 13, 0.42),
(477, 641, 53, 15, 0.5),
(478, 642, 53, 16, 0.58),
(479, 643, 53, 45, 0.67),
(480, 644, 53, 67, 0.75),
(481, 645, 53, 34, 0.83),
(482, 646, 53, 23, 0.92),
(483, 648, 53, 11, 1),
(484, 650, 54, 12, 0.33),
(485, 651, 54, 23, 0.42),
(486, 653, 54, 13, 0.5),
(487, 654, 54, 34, 0.58),
(488, 655, 54, 35, 0.67),
(489, 657, 54, 21, 0.75),
(490, 658, 54, 11, 0.83),
(491, 659, 54, 14, 0.92),
(492, 661, 54, 61, 1),
(493, 662, 55, 12, 0.42),
(494, 664, 55, 14, 0.5),
(495, 665, 55, 11, 0.67),
(496, 666, 55, 9, 0.75),
(497, 668, 55, 45, 0.83),
(498, 669, 55, 23, 0.92),
(499, 670, 55, 27, 1),
(500, 674, 56, 1, 0.75),
(501, 675, 56, 2, 1),
(502, 686, 57, 712, 0.08),
(503, 687, 57, 820, 0.25),
(504, 688, 57, 789, 0.33),
(505, 689, 57, 866, 0.42),
(506, 690, 57, 972, 0.5),
(507, 691, 57, 816, 0.58),
(508, 692, 57, 914, 0.67),
(509, 693, 57, 827, 0.75),
(510, 694, 57, 921, 0.83),
(511, 695, 57, 764, 0.92),
(512, 697, 57, 718, 1),
(513, 698, 58, 11, 0.08),
(514, 699, 58, 12, 0.17),
(515, 700, 58, 5, 0.25),
(516, 701, 58, 7, 0.33),
(517, 702, 58, 8, 0.42),
(518, 703, 58, 4, 0.75),
(519, 704, 58, 3, 0.92),
(520, 706, 58, 9, 1),
(521, 710, 59, 34, 0.08),
(522, 711, 59, 23, 0.17),
(523, 712, 59, 22, 0.25),
(524, 713, 59, 11, 0.42),
(525, 714, 59, 5, 0.58),
(526, 715, 59, 8, 0.67),
(527, 717, 59, 18, 0.75),
(528, 718, 59, 17, 0.83),
(529, 720, 59, 6, 0.92),
(530, 721, 59, 7, 1);

-- --------------------------------------------------------

--
-- Table structure for table `tbl_hasil_prediksi`
--

CREATE TABLE `tbl_hasil_prediksi` (
  `kd_hasil_pre` int(11) NOT NULL,
  `kd_pakai` int(11) NOT NULL,
  `kd_obat` int(11) NOT NULL,
  `random` float NOT NULL,
  `hasil` int(11) NOT NULL
) ENGINE=InnoDB DEFAULT CHARSET=latin1;

--
-- Dumping data for table `tbl_hasil_prediksi`
--

INSERT INTO `tbl_hasil_prediksi` (`kd_hasil_pre`, `kd_pakai`, `kd_obat`, `random`, `hasil`) VALUES
(327, 48, 3, 0.6, 29),
(328, 44, 3, 0.75, 38),
(329, 40, 3, 0.29, 33),
(330, 40, 3, 0.29, 33),
(331, 42, 3, 0.54, 41),
(332, 45, 3, 0.82, 21),
(333, 38, 3, 0.13, 23),
(334, 41, 3, 0.47, 28),
(335, 43, 3, 0.58, 29),
(336, 38, 3, 0.12, 23),
(337, 40, 3, 0.31, 33),
(338, 38, 3, 0.08, 23),
(339, 60, 4, 0.26, 29),
(340, 55, 4, 0.71, 35),
(341, 55, 4, 0.6, 35),
(342, 52, 4, 0.34, 29),
(343, 50, 4, 0.12, 31),
(344, 51, 4, 0.23, 28),
(345, 50, 4, 0.14, 31),
(346, 52, 4, 0.31, 29),
(347, 51, 4, 0.18, 28),
(348, 50, 4, 0.16, 31),
(349, 57, 4, 0.91, 37),
(350, 56, 4, 0.77, 36),
(351, 68, 5, 0.74, 98),
(352, 70, 5, 0.91, 121),
(353, 61, 5, 0.04, 14),
(354, 61, 5, 0.03, 14),
(355, 67, 5, 0.66, 15),
(356, 64, 5, 0.4, 8),
(357, 67, 5, 0.61, 15),
(358, 72, 5, 0.95, 56),
(359, 70, 5, 0.84, 121),
(360, 61, 5, 0.05, 14),
(361, 63, 5, 0.18, 21),
(362, 67, 5, 0.64, 15),
(363, 81, 7, 0.86, 25),
(364, 75, 7, 0.32, 32),
(365, 81, 7, 0.77, 25),
(366, 84, 7, 0.98, 10),
(367, 81, 7, 0.9, 25),
(368, 81, 7, 0.83, 25),
(369, 84, 7, 0.96, 10),
(370, 78, 7, 0.51, 35),
(371, 76, 7, 0.39, 22),
(372, 76, 7, 0.37, 22),
(373, 75, 7, 0.27, 32),
(374, 81, 7, 0.9, 25),
(375, 91, 8, 0.89, 3),
(376, 86, 8, 0.27, 2),
(377, 91, 8, 0.82, 3),
(378, 86, 8, 0.29, 2),
(379, 86, 8, 0.2, 2),
(380, 90, 8, 0.7, 8),
(381, 86, 8, 0.19, 2),
(382, 91, 8, 0.98, 3),
(383, 86, 8, 0.33, 2),
(384, 88, 8, 0.48, 4),
(385, 85, 8, 0.05, 5),
(386, 86, 8, 0.15, 2),
(387, 100, 9, 0.26, 40),
(388, 102, 9, 0.48, 60),
(389, 98, 9, 0.2, 32),
(390, 100, 9, 0.3, 40),
(391, 104, 9, 0.63, 41),
(392, 101, 9, 0.4, 34),
(393, 102, 9, 0.5, 60),
(394, 97, 9, 0.1, 30),
(395, 102, 9, 0.44, 60),
(396, 97, 9, 0.15, 30),
(397, 104, 9, 0.65, 41),
(398, 106, 9, 0.79, 38),
(399, 116, 10, 0.6, 540),
(400, 116, 10, 0.58, 540),
(401, 119, 10, 0.83, 376),
(402, 109, 10, 0.03, 350),
(403, 109, 10, 0.07, 350),
(404, 117, 10, 0.68, 380),
(405, 113, 10, 0.34, 1100),
(406, 113, 10, 0.38, 1100),
(407, 114, 10, 0.45, 800),
(408, 116, 10, 0.59, 540),
(409, 119, 10, 0.83, 376),
(410, 110, 10, 0.15, 400),
(411, 125, 11, 0.4, 990),
(412, 128, 11, 0.61, 790),
(413, 123, 11, 0.25, 615),
(414, 128, 11, 0.65, 790),
(415, 121, 11, 0.01, 899),
(416, 122, 11, 0.09, 890),
(417, 124, 11, 0.26, 1067),
(418, 131, 11, 0.94, 845),
(419, 129, 11, 0.8, 940),
(420, 128, 11, 0.68, 790),
(421, 122, 11, 0.12, 890),
(422, 128, 11, 0.64, 790),
(423, 143, 12, 0.26, 4),
(424, 133, 12, 0.04, 3),
(425, 133, 12, 0.07, 3),
(426, 136, 12, 0.49, 6),
(427, 134, 12, 0.39, 4),
(428, 134, 12, 0.33, 4),
(429, 139, 12, 0.58, 11),
(430, 136, 12, 0.43, 6),
(431, 134, 12, 0.38, 4),
(432, 143, 12, 0.87, 1),
(433, 143, 12, 0.83, 1),
(434, 136, 12, 0.5, 6),
(435, 156, 13, 0.96, 58),
(436, 148, 13, 0.38, 46),
(437, 153, 13, 0.75, 39),
(438, 155, 13, 0.84, 55),
(439, 147, 13, 0.33, 37),
(440, 148, 13, 0.34, 46),
(441, 147, 13, 0.23, 37),
(442, 147, 13, 0.31, 37),
(443, 149, 13, 0.47, 29),
(444, 147, 13, 0.28, 37),
(445, 150, 13, 0.51, 41),
(446, 148, 13, 0.37, 46),
(447, 162, 14, 0.94, 1),
(448, 162, 14, 0.95, 1),
(449, 159, 14, 0.7, 2),
(450, 159, 14, 0.84, 2),
(451, 158, 14, 0.28, 4),
(452, 159, 14, 0.89, 2),
(453, 157, 14, 0.17, 3),
(454, 159, 14, 0.72, 2),
(455, 157, 14, 0.18, 3),
(456, 157, 14, 0.23, 3),
(457, 159, 14, 0.88, 2),
(458, 159, 14, 0.46, 2),
(459, 174, 15, 0.5, 341),
(460, 180, 15, 0.98, 225),
(461, 169, 15, 0.06, 370),
(462, 172, 15, 0.3, 356),
(463, 173, 15, 0.34, 291),
(464, 177, 15, 0.73, 296),
(465, 179, 15, 0.84, 275),
(466, 179, 15, 0.84, 275),
(467, 178, 15, 0.8, 342),
(468, 171, 15, 0.23, 412),
(469, 169, 15, 0.06, 370),
(470, 174, 15, 0.44, 341),
(471, 191, 16, 0.92, 212),
(472, 187, 16, 0.56, 321),
(473, 188, 16, 0.59, 450),
(474, 184, 16, 0.38, 234),
(475, 182, 16, 0.08, 227),
(476, 191, 16, 0.92, 212),
(477, 181, 16, 0, 99),
(478, 192, 16, 0.98, 455),
(479, 184, 16, 0.27, 234),
(480, 181, 16, 0.02, 99),
(481, 184, 16, 0.36, 234),
(482, 186, 16, 0.5, 167),
(483, 193, 17, 0.03, 7),
(484, 199, 17, 0.91, 5),
(485, 193, 17, 0.2, 7),
(486, 193, 17, 0.24, 7),
(487, 196, 17, 0.66, 8),
(488, 193, 17, 0.03, 7),
(489, 196, 17, 0.54, 8),
(490, 193, 17, 0.13, 7),
(491, 199, 17, 0.77, 5),
(492, 199, 17, 0.8, 5),
(493, 199, 17, 0.8, 5),
(494, 199, 17, 0.79, 5),
(495, 211, 18, 0.57, 288),
(496, 209, 18, 0.34, 377),
(497, 205, 18, 0.04, 316),
(498, 214, 18, 0.78, 286),
(499, 205, 18, 0.06, 316),
(500, 213, 18, 0.69, 259),
(501, 205, 18, 0.02, 316),
(502, 212, 18, 0.62, 301),
(503, 211, 18, 0.51, 288),
(504, 206, 18, 0.13, 279),
(505, 207, 18, 0.2, 302),
(506, 215, 18, 0.92, 241),
(507, 226, 19, 0.96, 86),
(508, 224, 19, 0.69, 175),
(509, 217, 19, 0.04, 177),
(510, 221, 19, 0.34, 186),
(511, 218, 19, 0.1, 109),
(512, 225, 19, 0.79, 101),
(513, 218, 19, 0.08, 109),
(514, 217, 19, 0.07, 177),
(515, 217, 19, 0.03, 177),
(516, 226, 19, 0.95, 86),
(517, 221, 19, 0.38, 186),
(518, 220, 19, 0.29, 205),
(531, 248, 21, 0.49, 2),
(532, 241, 21, 0.17, 3),
(533, 241, 21, 0.03, 3),
(534, 241, 21, 0.23, 3),
(535, 243, 21, 0.82, 1),
(536, 241, 21, 0.17, 3),
(537, 241, 21, 0.12, 3),
(538, 242, 21, 0.56, 2),
(539, 241, 21, 0.25, 3),
(540, 242, 21, 0.67, 2),
(541, 243, 21, 0.71, 1),
(542, 243, 21, 0.77, 1),
(543, 254, 22, 0.18, 17),
(544, 254, 22, 0.33, 17),
(545, 253, 22, 0.06, 21),
(546, 254, 22, 0.27, 17),
(547, 254, 22, 0.24, 17),
(548, 253, 22, 0, 21),
(549, 263, 22, 0.86, 13),
(550, 257, 22, 0.6, 23),
(551, 264, 22, 0.98, 12),
(552, 263, 22, 0.9, 13),
(553, 256, 22, 0.52, 19),
(554, 253, 22, 0.13, 21),
(555, 273, 23, 0.68, 31),
(556, 266, 23, 0.12, 36),
(557, 268, 23, 0.49, 29),
(558, 266, 23, 0.31, 36),
(559, 267, 23, 0.39, 44),
(560, 272, 23, 0.67, 27),
(561, 266, 23, 0.23, 36),
(562, 272, 23, 0.65, 27),
(563, 267, 23, 0.4, 44),
(564, 268, 23, 0.45, 29),
(565, 275, 23, 0.89, 37),
(566, 276, 23, 1, 52),
(567, 288, 24, 0.98, 13),
(568, 286, 24, 0.79, 12),
(569, 288, 24, 0.93, 13),
(570, 287, 24, 0.87, 11),
(571, 287, 24, 0.87, 11),
(572, 285, 24, 0.72, 23),
(573, 282, 24, 0.42, 43),
(574, 288, 24, 1, 13),
(575, 286, 24, 0.77, 12),
(576, 279, 24, 0.23, 14),
(577, 288, 24, 0.97, 13),
(578, 288, 24, 0.95, 13),
(579, 295, 25, 0.62, 17),
(580, 290, 25, 0.15, 20),
(581, 293, 25, 0.41, 32),
(582, 295, 25, 0.51, 17),
(583, 289, 25, 0.01, 10),
(584, 298, 25, 0.82, 14),
(585, 296, 25, 0.73, 22),
(586, 290, 25, 0.11, 20),
(587, 299, 25, 0.85, 12),
(588, 295, 25, 0.61, 17),
(589, 294, 25, 0.5, 38),
(590, 295, 25, 0.65, 17),
(591, 304, 26, 0.58, 11),
(592, 308, 26, 0.89, 23),
(593, 307, 26, 0.78, 45),
(594, 301, 26, 0.04, 12),
(595, 308, 26, 0.92, 23),
(596, 308, 26, 0.91, 23),
(597, 304, 26, 0.62, 11),
(598, 307, 26, 0.77, 45),
(599, 307, 26, 0.77, 45),
(600, 309, 26, 0.97, 27),
(601, 304, 26, 0.52, 11),
(602, 305, 26, 0.74, 9),
(603, 322, 27, 0.41, 1),
(604, 322, 27, 0.14, 1),
(605, 322, 27, 0.07, 1),
(606, 322, 27, 0.42, 1),
(607, 323, 27, 0.78, 2),
(608, 322, 27, 0.69, 1),
(609, 322, 27, 0.37, 1),
(610, 323, 27, 0.8, 2),
(611, 323, 27, 0.85, 2),
(612, 322, 27, 0.41, 1),
(613, 323, 27, 0.8, 2),
(614, 322, 27, 0.54, 1),
(615, 335, 28, 0.1, 789),
(616, 337, 28, 0.33, 679),
(617, 341, 28, 0.61, 827),
(618, 339, 28, 0.42, 816),
(619, 338, 28, 0.34, 743),
(620, 334, 28, 0.07, 819),
(621, 344, 28, 0.89, 820),
(622, 337, 28, 0.31, 679),
(623, 335, 28, 0.11, 789),
(624, 338, 28, 0.35, 743),
(625, 334, 28, 0.05, 819),
(626, 334, 28, 0.07, 819),
(627, 348, 29, 0.51, 4),
(628, 348, 29, 0.49, 4),
(629, 347, 29, 0.17, 22),
(630, 350, 29, 0.73, 8),
(631, 349, 29, 0.63, 7),
(632, 352, 29, 0.77, 3),
(633, 346, 29, 0.07, 12),
(634, 348, 29, 0.48, 4),
(635, 348, 29, 0.32, 4),
(636, 354, 29, 1, 9),
(637, 354, 29, 0.98, 9),
(638, 348, 29, 0.41, 4),
(639, 358, 30, 0.04, 30),
(640, 364, 30, 0.55, 15),
(641, 368, 30, 0.93, 9),
(642, 359, 30, 0.11, 24),
(643, 365, 30, 0.64, 17),
(644, 358, 30, 0.07, 30),
(645, 359, 30, 0.11, 24),
(646, 367, 30, 0.82, 6),
(647, 363, 30, 0.5, 8),
(648, 360, 30, 0.19, 21),
(649, 363, 30, 0.44, 8),
(650, 367, 30, 0.81, 6),
(651, 379, 31, 0.86, 64),
(652, 376, 31, 0.63, 14),
(653, 371, 31, 0.1, 20),
(654, 377, 31, 0.7, 56),
(655, 373, 31, 0.26, 12),
(656, 381, 31, 0.99, 11),
(657, 371, 31, 0.14, 20),
(658, 378, 31, 0.79, 46),
(659, 370, 31, 0.03, 18),
(660, 373, 31, 0.28, 12),
(661, 372, 31, 0.18, 31),
(662, 372, 31, 0.18, 31),
(663, 386, 32, 0.7, 41),
(664, 390, 32, 0.9, 38),
(665, 385, 32, 0.49, 58),
(666, 386, 32, 0.72, 41),
(667, 385, 32, 0.53, 58),
(668, 386, 32, 0.74, 41),
(669, 383, 32, 0.2, 39),
(670, 388, 32, 0.8, 51),
(671, 383, 32, 0.33, 39),
(672, 384, 32, 0.39, 46),
(673, 386, 32, 0.61, 41),
(674, 383, 32, 0.2, 39),
(675, 400, 33, 0.62, 29),
(676, 395, 33, 0.11, 23),
(677, 403, 33, 0.88, 26),
(678, 398, 33, 0.5, 28),
(679, 394, 33, 0.02, 27),
(680, 403, 33, 0.88, 26),
(681, 400, 33, 0.6, 29),
(682, 395, 33, 0.16, 23),
(683, 402, 33, 0.8, 21),
(684, 394, 33, 0.05, 27),
(685, 394, 33, 0.04, 27),
(686, 402, 33, 0.79, 21),
(687, 410, 34, 0.44, 42),
(688, 407, 34, 0.11, 31),
(689, 409, 34, 0.41, 29),
(690, 406, 34, 0.02, 38),
(691, 417, 34, 0.99, 20),
(692, 417, 34, 0.96, 20),
(693, 409, 34, 0.32, 29),
(694, 407, 34, 0.16, 31),
(695, 414, 34, 0.91, 37),
(696, 412, 34, 0.61, 35),
(697, 409, 34, 0.28, 29),
(698, 411, 34, 0.53, 40),
(699, 428, 35, 0.98, 5),
(700, 426, 35, 0.92, 150),
(701, 426, 35, 0.88, 150),
(702, 421, 35, 0.55, 12),
(703, 418, 35, 0.18, 20),
(704, 421, 35, 0.56, 12),
(705, 422, 35, 0.65, 2),
(706, 420, 35, 0.42, 23),
(707, 422, 35, 0.64, 2),
(708, 425, 35, 0.8, 100),
(709, 422, 35, 0.65, 2),
(710, 425, 35, 0.82, 100),
(711, 432, 36, 0.44, 25),
(712, 433, 36, 0.51, 15),
(713, 439, 36, 0.86, 45),
(714, 431, 36, 0.25, 20),
(715, 439, 36, 0.89, 45),
(716, 432, 36, 0.33, 25),
(717, 432, 36, 0.43, 25),
(718, 432, 36, 0.31, 25),
(719, 434, 36, 0.59, 50),
(720, 441, 36, 0.93, 10),
(721, 430, 36, 0.07, 30),
(722, 430, 36, 0.07, 30),
(723, 450, 37, 0.83, 1),
(724, 442, 37, 0.05, 6),
(725, 445, 37, 0.69, 5),
(726, 452, 37, 0.94, 3),
(727, 450, 37, 0.89, 1),
(728, 444, 37, 0.5, 2),
(729, 452, 37, 0.93, 3),
(730, 443, 37, 0.31, 4),
(731, 445, 37, 0.7, 5),
(732, 443, 37, 0.29, 4),
(733, 443, 37, 0.28, 4),
(734, 444, 37, 0.59, 2),
(735, 459, 38, 0.6, 62),
(736, 456, 38, 0.3, 38),
(737, 454, 38, 0.08, 39),
(738, 456, 38, 0.28, 38),
(739, 457, 38, 0.45, 46),
(740, 456, 38, 0.35, 38),
(741, 456, 38, 0.27, 38),
(742, 461, 38, 0.86, 42),
(743, 455, 38, 0.22, 40),
(744, 461, 38, 0.92, 42),
(745, 456, 38, 0.26, 38),
(746, 455, 38, 0.19, 40),
(747, 474, 39, 0.72, 380),
(748, 468, 39, 0.21, 650),
(749, 471, 39, 0.5, 800),
(750, 469, 39, 0.28, 728),
(751, 471, 39, 0.47, 800),
(752, 476, 39, 0.89, 376),
(753, 467, 39, 0.17, 400),
(754, 466, 39, 0.05, 350),
(755, 476, 39, 0.84, 376),
(756, 476, 39, 0.85, 376),
(757, 470, 39, 0.4, 1100),
(758, 470, 39, 0.38, 1100),
(759, 484, 40, 0.52, 863),
(760, 478, 40, 0.03, 987),
(761, 479, 40, 0.14, 820),
(762, 482, 40, 0.34, 876),
(763, 479, 40, 0.14, 820),
(764, 484, 40, 0.52, 863),
(765, 480, 40, 0.23, 715),
(766, 480, 40, 0.24, 715),
(767, 482, 40, 0.37, 876),
(768, 481, 40, 0.32, 1050),
(769, 481, 40, 0.26, 1050),
(770, 478, 40, 0.05, 987),
(771, 493, 41, 0.86, 1),
(772, 493, 41, 0.92, 1),
(773, 490, 41, 0.09, 2),
(774, 491, 41, 0.2, 5),
(775, 493, 41, 0.71, 1),
(776, 490, 41, 0.16, 2),
(777, 493, 41, 0.82, 1),
(778, 493, 41, 0.7, 1),
(779, 491, 41, 0.27, 5),
(780, 493, 41, 0.89, 1),
(781, 490, 41, 0.11, 2),
(782, 492, 41, 0.36, 4),
(783, 512, 42, 0.84, 55),
(784, 506, 42, 0.45, 29),
(785, 504, 42, 0.29, 37),
(786, 506, 42, 0.49, 29),
(787, 503, 42, 0.15, 42),
(788, 505, 42, 0.35, 46),
(789, 509, 42, 0.61, 34),
(790, 503, 42, 0.1, 42),
(791, 512, 42, 0.84, 55),
(792, 504, 42, 0.33, 37),
(793, 509, 42, 0.59, 34),
(794, 506, 42, 0.48, 29),
(795, 515, 43, 0.35, 4),
(796, 516, 43, 0.84, 2),
(797, 519, 43, 0.98, 1),
(798, 514, 43, 0.19, 3),
(799, 514, 43, 0.06, 3),
(800, 516, 43, 0.86, 2),
(801, 514, 43, 0.12, 3),
(802, 516, 43, 0.48, 2),
(803, 516, 43, 0.42, 2),
(804, 516, 43, 0.63, 2),
(805, 515, 43, 0.3, 4),
(806, 516, 43, 0.79, 2),
(807, 527, 44, 0.12, 340),
(808, 532, 44, 0.57, 437),
(809, 530, 44, 0.38, 291),
(810, 526, 44, 0.05, 370),
(811, 526, 44, 0.02, 370),
(812, 526, 44, 0.01, 370),
(813, 533, 44, 0.67, 315),
(814, 533, 44, 0.61, 315),
(815, 530, 44, 0.37, 291),
(816, 532, 44, 0.53, 437),
(817, 536, 44, 0.83, 275),
(818, 530, 44, 0.4, 291),
(819, 544, 45, 0.53, 200),
(820, 539, 45, 0.18, 135),
(821, 545, 45, 0.7, 500),
(822, 539, 45, 0.16, 135),
(823, 547, 45, 0.95, 150),
(824, 542, 45, 0.41, 250),
(825, 538, 45, 0.07, 100),
(826, 544, 45, 0.54, 200),
(827, 538, 45, 0.02, 100),
(828, 538, 45, 0.05, 100),
(829, 542, 45, 0.39, 250),
(830, 539, 45, 0.19, 135),
(831, 559, 46, 0.99, 4),
(832, 550, 46, 0.17, 7),
(833, 552, 46, 0.43, 9),
(834, 551, 46, 0.26, 6),
(835, 559, 46, 0.97, 4),
(836, 553, 46, 0.73, 8),
(837, 553, 46, 0.51, 8),
(838, 551, 46, 0.36, 6),
(839, 553, 46, 0.65, 8),
(840, 552, 46, 0.42, 9),
(841, 552, 46, 0.48, 9),
(842, 551, 46, 0.36, 6),
(843, 570, 47, 0.72, 259),
(844, 570, 47, 0.73, 259),
(845, 572, 47, 0.88, 241),
(846, 566, 47, 0.41, 377),
(847, 565, 47, 0.26, 285),
(848, 562, 47, 0.04, 316),
(849, 563, 47, 0.17, 279),
(850, 567, 47, 0.49, 327),
(851, 566, 47, 0.39, 377),
(852, 567, 47, 0.45, 327),
(853, 562, 47, 0.02, 316),
(854, 565, 47, 0.29, 285),
(855, 583, 48, 0.97, 86),
(856, 580, 48, 0.62, 112),
(857, 575, 48, 0.14, 109),
(858, 576, 48, 0.21, 286),
(859, 581, 48, 0.69, 175),
(860, 583, 48, 0.83, 86),
(861, 580, 48, 0.66, 112),
(862, 580, 48, 0.55, 112),
(863, 580, 48, 0.66, 112),
(864, 579, 48, 0.5, 165),
(865, 575, 48, 0.08, 109),
(866, 575, 48, 0.15, 109),
(867, 597, 49, 0.99, 1500),
(868, 592, 49, 0.57, 5000),
(869, 593, 49, 0.64, 6000),
(870, 597, 49, 0.96, 1500),
(871, 592, 49, 0.54, 5000),
(872, 587, 49, 0.16, 200),
(873, 592, 49, 0.56, 5000),
(874, 594, 49, 0.71, 2000),
(875, 589, 49, 0.3, 350),
(876, 591, 49, 0.42, 600),
(877, 588, 49, 0.22, 250),
(878, 590, 49, 0.35, 400),
(879, 609, 50, 0.97, 5),
(880, 603, 50, 0.53, 2),
(881, 604, 50, 0.81, 1),
(882, 603, 50, 0.66, 2),
(883, 604, 50, 0.72, 1),
(884, 604, 50, 0.74, 1),
(885, 603, 50, 0.59, 2),
(886, 603, 50, 0.64, 2),
(887, 603, 50, 0.42, 2),
(888, 603, 50, 0.42, 2),
(889, 604, 50, 0.79, 1),
(890, 602, 50, 0.2, 3),
(891, 614, 51, 0.06, 21),
(892, 614, 51, 0.09, 21),
(893, 618, 51, 0.65, 23),
(894, 615, 51, 0.21, 17),
(895, 615, 51, 0.33, 17),
(896, 614, 51, 0.08, 21),
(897, 614, 51, 0.07, 21),
(898, 624, 51, 0.88, 13),
(899, 615, 51, 0.24, 17),
(900, 615, 51, 0.24, 17),
(901, 615, 51, 0.19, 17),
(902, 616, 51, 0.41, 20),
(903, 627, 52, 0.28, 36),
(904, 636, 52, 0.9, 37),
(905, 637, 52, 0.95, 52),
(906, 627, 52, 0.25, 36),
(907, 630, 52, 0.53, 39),
(908, 627, 52, 0.14, 36),
(909, 627, 52, 0.32, 36),
(910, 627, 52, 0.12, 36),
(911, 634, 52, 0.7, 31),
(912, 635, 52, 0.78, 42),
(913, 637, 52, 0.98, 52),
(914, 629, 52, 0.44, 29),
(915, 648, 53, 0.95, 11),
(916, 638, 53, 0.05, 12),
(917, 642, 53, 0.51, 16),
(918, 643, 53, 0.59, 45),
(919, 643, 53, 0.64, 45),
(920, 642, 53, 0.57, 16),
(921, 639, 53, 0.19, 111),
(922, 641, 53, 0.46, 15),
(923, 642, 53, 0.52, 16),
(924, 638, 53, 0.02, 12),
(925, 640, 53, 0.35, 13),
(926, 645, 53, 0.82, 34),
(927, 659, 54, 0.89, 14),
(928, 653, 54, 0.47, 13),
(929, 651, 54, 0.41, 23),
(930, 650, 54, 0.04, 12),
(931, 659, 54, 0.9, 14),
(932, 653, 54, 0.44, 13),
(933, 650, 54, 0.11, 12),
(934, 658, 54, 0.78, 11),
(935, 650, 54, 0.21, 12),
(936, 655, 54, 0.58, 35),
(937, 651, 54, 0.35, 23),
(938, 650, 54, 0.3, 12),
(939, 664, 55, 0.44, 14),
(940, 669, 55, 0.9, 23),
(941, 662, 55, 0.1, 12),
(942, 668, 55, 0.76, 45),
(943, 662, 55, 0.13, 12),
(944, 662, 55, 0.11, 12),
(945, 664, 55, 0.46, 14),
(946, 669, 55, 0.89, 23),
(947, 670, 55, 1, 27),
(948, 662, 55, 0.37, 12),
(949, 665, 55, 0.52, 11),
(950, 670, 55, 0.96, 27),
(951, 674, 56, 0.47, 1),
(952, 674, 56, 0.07, 1),
(953, 674, 56, 0.06, 1),
(954, 674, 56, 0.1, 1),
(955, 675, 56, 0.88, 2),
(956, 674, 56, 0.05, 1),
(957, 674, 56, 0.68, 1),
(958, 675, 56, 0.99, 2),
(959, 674, 56, 0.74, 1),
(960, 674, 56, 0.48, 1),
(961, 674, 56, 0.6, 1),
(962, 675, 56, 0.79, 2),
(963, 697, 57, 0.93, 718),
(964, 689, 57, 0.41, 866),
(965, 686, 57, 0.02, 712),
(966, 686, 57, 0.05, 712),
(967, 687, 57, 0.2, 820),
(968, 693, 57, 0.69, 827),
(969, 687, 57, 0.24, 820),
(970, 690, 57, 0.47, 972),
(971, 687, 57, 0.17, 820),
(972, 693, 57, 0.7, 827),
(973, 686, 57, 0.04, 712),
(974, 688, 57, 0.29, 789),
(975, 706, 58, 0.95, 9),
(976, 701, 58, 0.29, 7),
(977, 703, 58, 0.53, 4),
(978, 704, 58, 0.79, 3),
(979, 700, 58, 0.23, 5),
(980, 706, 58, 0.94, 9),
(981, 699, 58, 0.15, 12),
(982, 699, 58, 0.13, 12),
(983, 706, 58, 0.97, 9),
(984, 698, 58, 0, 11),
(985, 699, 58, 0.16, 12),
(986, 703, 58, 0.59, 4),
(987, 711, 59, 0.1, 23),
(988, 714, 59, 0.55, 5),
(989, 717, 59, 0.75, 18),
(990, 718, 59, 0.81, 17),
(991, 714, 59, 0.45, 5),
(992, 711, 59, 0.12, 23),
(993, 720, 59, 0.91, 6),
(994, 714, 59, 0.42, 5),
(995, 712, 59, 0.21, 22),
(996, 713, 59, 0.3, 11),
(997, 717, 59, 0.68, 18),
(998, 713, 59, 0.36, 11),
(999, 14, 1, 0.88, 12),
(1000, 4, 1, 0.16, 15),
(1001, 3, 1, 0.03, 20),
(1002, 12, 1, 0.76, 64),
(1003, 7, 1, 0.34, 9),
(1004, 7, 1, 0.38, 9),
(1005, 5, 1, 0.25, 31),
(1006, 12, 1, 0.82, 64),
(1007, 10, 1, 0.64, 56),
(1008, 8, 1, 0.43, 29),
(1009, 13, 1, 0.9, 12),
(1010, 4, 1, 0.15, 15),
(1011, 35, 2, 0.58, 41),
(1012, 20, 2, 0.74, 41),
(1013, 20, 2, 0.7, 41),
(1014, 19, 2, 0.45, 58),
(1015, 24, 2, 0.9, 38),
(1016, 16, 2, 0.26, 39),
(1017, 16, 2, 0.28, 39),
(1018, 19, 2, 0.56, 58),
(1019, 22, 2, 0.79, 51),
(1020, 20, 2, 0.67, 41),
(1021, 20, 2, 0.68, 41),
(1022, 20, 2, 0.61, 41),
(1023, 240, 20, 0.33, 360),
(1024, 233, 20, 0.38, 421),
(1025, 235, 20, 0.56, 4000),
(1026, 240, 20, 0.94, 1500),
(1027, 232, 20, 0.28, 360),
(1028, 235, 20, 0.53, 4000),
(1029, 238, 20, 0.82, 3000),
(1030, 233, 20, 0.39, 421),
(1031, 234, 20, 0.46, 300),
(1032, 232, 20, 0.28, 360),
(1033, 229, 20, 0.04, 350),
(1034, 234, 20, 0.45, 300);

-- --------------------------------------------------------

--
-- Table structure for table `tbl_obat`
--

CREATE TABLE `tbl_obat` (
  `kd_obat` int(11) NOT NULL,
  `jenis_obat` varchar(200) NOT NULL,
  `nama_obat` varchar(200) NOT NULL,
  `stok_obat` int(11) NOT NULL,
  `ket_stok` int(11) NOT NULL,
  `satuan_obat` int(11) NOT NULL,
  `ket_satuan` int(11) NOT NULL,
  `tahun` year(4) NOT NULL
) ENGINE=InnoDB DEFAULT CHARSET=latin1;

--
-- Dumping data for table `tbl_obat`
--

INSERT INTO `tbl_obat` (`kd_obat`, `jenis_obat`, `nama_obat`, `stok_obat`, `ket_stok`, `satuan_obat`, `ket_satuan`, `tahun`) VALUES
(1, 'Obat Antiparasit 50 ml', 'IVOMEC SUPER', 7, 1, 50, 1, 2018),
(2, 'Antibiotika LA 50 ml', 'VET OXY LA', 11, 1, 50, 1, 2018),
(3, 'Antibiotik SB 50 ml', 'VET OXY SB', 7, 1, 50, 1, 2018),
(4, 'Vitamin penguat otot 50 ml', 'BIOSAN TP', 8, 1, 50, 1, 2018),
(5, 'Vitamin pertumbuhan 50 ml', 'HEMATODIN', 8, 1, 50, 1, 2018),
(7, 'Vitamin B Compleks', 'B COMPLEX', 14, 1, 20, 1, 2018),
(8, 'Salep mata', 'ERLAMYCETIN', 18, 2, 1, 2, 2018),
(9, 'Anti kembung 100 ml', 'TYMPANOL', 7, 1, 100, 1, 2018),
(10, 'Yodium tincture 1 lt', 'POVIDONE IODIN', 8, 3, 1000, 1, 2018),
(11, 'Alkohol 70% 1 lt', 'ALKOHOL', 11, 3, 1000, 1, 2018),
(12, 'Kapas', 'KAPAS', 17, 4, 1, 3, 2018),
(13, 'Obat cacing kaplet', 'VERM O KAPLET', 5, 5, 100, 4, 2018),
(14, 'Obat cacing bolus 12 bolus', 'VERM O BOLUS', 30, 6, 1, 5, 2018),
(15, 'Obat cacing cair C 1 lt', 'KALBAZEN C', 4, 7, 1000, 1, 2018),
(16, 'Obat cacing cair SG 1 lt', 'KALBAZEN SG', 3, 7, 1000, 1, 2018),
(17, 'Antihistamin 20 ml', 'VETADRYL', 4, 1, 20, 1, 2018),
(18, 'Vitamin Serbuk 100 gr', 'ELECTROVIT', 35, 8, 100, 6, 2018),
(19, 'Antibiotik Serbuk 100 gr', 'ERIDOXIN', 18, 8, 100, 6, 2018),
(20, 'Desinfectan 1 lt', 'BIOFECTAN', 20, 3, 1000, 1, 2018),
(21, 'Anti Parasit Spray 13 oz', 'GUSANEX', 30, 1, 1, 7, 2018),
(22, 'Obat diare', 'COLIBACT BOLUS', 18, 9, 12, 8, 2018),
(23, 'Antipyretic', 'SULPIDON', 9, 1, 50, 1, 2018),
(24, 'Antipyretic Pet', 'PHENYL INJ', 5, 1, 100, 1, 2018),
(25, 'Anti Inflamasi', 'GLUCORTIN', 8, 1, 50, 1, 2018),
(26, 'Obat Diare Oral Pet', 'METRONIDAZOLE', 10, 1, 20, 1, 2018),
(27, 'Obat Anti Kutu Tetes', 'FRONTLINE', 15, 1, 1, 9, 2018),
(28, 'Cairan Pembersih Luka', 'RIVANOL', 10, 1, 1000, 1, 2018),
(29, 'Obat Tetes Telinga', 'ILLIUM EAR DROPS', 5, 1, 20, 1, 2018),
(30, 'Obat Anastesi', 'KETAMIL ILLIUM', 5, 1, 50, 1, 2018),
(31, 'Obat antiparasit 50 ml', 'IVOMEC SUPER', 7, 1, 50, 1, 2019),
(32, 'Antibiotika LA 50 ml', 'VET OXY LA', 11, 1, 50, 1, 2019),
(33, 'Antibiotik SB 50 ml', 'VET OXY SB', 7, 1, 50, 1, 2019),
(34, 'Vitamin penguat otot 50 ml', 'BIOSAN TP', 8, 1, 50, 1, 2019),
(35, 'Vitamin pertumbuhan 50 ml', 'HEMATODIN', 8, 1, 50, 1, 2019),
(36, 'Vitamin B Compleks', 'B COMPLEX', 14, 1, 20, 1, 2019),
(37, 'Salep mata', 'ERLAMYCETIN', 18, 2, 1, 2, 2019),
(38, 'Anti kembung 100 ml', 'TYMPANOL', 7, 1, 100, 1, 2019),
(39, 'Yodium tincture 1 lt', 'POVIDONE IODIN', 8, 3, 1000, 1, 2019),
(40, 'Alkohol 70% 1 lt', 'ALKOHOL', 11, 3, 1000, 1, 2019),
(41, 'Kapas', 'KAPAS', 11, 4, 1, 3, 2019),
(42, 'Obat cacing kaplet', 'VERM O KAPLET', 5, 5, 100, 4, 2019),
(43, 'Obat cacing bolus 12 bolus', 'VERM O BOLUS', 30, 6, 1, 5, 2019),
(44, 'Obat cacing cair C 1 lt', 'KALBAZEN C', 4, 7, 1000, 1, 2019),
(45, 'Obat cacing cair SG 1 lt', 'KALBAZEN SG', 3, 7, 1000, 1, 2019),
(46, 'Antihistamin 20 ml', 'VETADRYL', 4, 1, 20, 1, 2019),
(47, 'Vitamin Serbuk 100 gr', 'ELECTROVIT', 35, 8, 100, 6, 2019),
(48, 'Antibiotik Serbuk 100 gr', 'ERIDOXIN', 18, 8, 100, 6, 2019),
(49, 'Desinfectan 1 lt', 'BIOFECTAN', 20, 3, 1000, 1, 2019),
(50, 'Anti Parasit Spray 13 oz', 'GUSANEX', 30, 1, 1, 7, 2019),
(51, 'Obat diare', 'COLIBACT BOLUS', 18, 9, 12, 8, 2019),
(52, 'Antipyretic', 'SULPIDON', 9, 1, 50, 1, 2019),
(53, 'Antipyretic Pet', 'PHENYL INJ', 5, 1, 100, 1, 2019),
(54, 'Anti Inflamasi', 'GLUCORTIN', 8, 1, 50, 1, 2019),
(55, 'Obat Diare Oral Pet', 'METRONIDAZOLE', 10, 1, 20, 1, 2019),
(56, 'Obat Anti Kutu Tetes', 'FRONTLINE', 15, 1, 1, 9, 2019),
(57, 'Cairan Pembersih Luka', 'RIVANOL', 10, 1, 1000, 1, 2019),
(58, 'Obat Tetes Telinga', 'ILLIUM EAR DROPS', 5, 1, 20, 1, 2019),
(59, 'Obat Anastesi', 'KETAMIL ILLIUM', 5, 1, 50, 1, 2019);

-- --------------------------------------------------------

--
-- Table structure for table `tbl_pakai`
--

CREATE TABLE `tbl_pakai` (
  `kd_pakai` int(11) NOT NULL,
  `kd_obat` int(11) NOT NULL,
  `bulan` int(11) NOT NULL,
  `jml_pakai` int(11) NOT NULL
) ENGINE=InnoDB DEFAULT CHARSET=latin1;

--
-- Dumping data for table `tbl_pakai`
--

INSERT INTO `tbl_pakai` (`kd_pakai`, `kd_obat`, `bulan`, `jml_pakai`) VALUES
(3, 1, 1, 20),
(4, 1, 2, 15),
(5, 1, 3, 31),
(6, 1, 4, 8),
(7, 1, 5, 9),
(8, 1, 6, 29),
(9, 1, 7, 14),
(10, 1, 8, 56),
(11, 1, 9, 46),
(12, 1, 10, 64),
(13, 1, 11, 12),
(14, 1, 12, 11),
(15, 2, 1, 47),
(16, 2, 2, 39),
(18, 2, 3, 46),
(19, 2, 4, 58),
(20, 2, 5, 41),
(21, 2, 6, 58),
(22, 2, 7, 51),
(23, 2, 8, 41),
(24, 2, 9, 38),
(27, 2, 10, 47),
(35, 2, 11, 45),
(36, 2, 12, 39),
(37, 3, 1, 27),
(38, 3, 2, 23),
(39, 3, 3, 34),
(40, 3, 4, 33),
(41, 3, 5, 28),
(42, 3, 6, 41),
(43, 3, 7, 29),
(44, 3, 8, 38),
(45, 3, 9, 21),
(46, 3, 10, 26),
(47, 3, 11, 28),
(48, 3, 12, 22),
(49, 4, 1, 38),
(50, 4, 2, 31),
(51, 4, 3, 28),
(52, 4, 4, 29),
(53, 4, 5, 42),
(54, 4, 6, 40),
(55, 4, 7, 35),
(56, 4, 8, 36),
(57, 4, 9, 37),
(58, 4, 10, 35),
(59, 4, 11, 29),
(60, 4, 12, 20),
(61, 5, 1, 14),
(62, 5, 2, 12),
(63, 5, 3, 21),
(64, 5, 4, 8),
(65, 5, 5, 5),
(66, 5, 6, 87),
(67, 5, 7, 15),
(68, 5, 8, 98),
(69, 5, 9, 76),
(70, 5, 10, 121),
(71, 5, 11, 8),
(72, 5, 12, 56),
(73, 7, 1, 23),
(74, 7, 2, 45),
(75, 7, 3, 32),
(76, 7, 4, 22),
(77, 7, 5, 55),
(78, 7, 6, 35),
(79, 7, 7, 67),
(80, 7, 8, 30),
(81, 7, 9, 25),
(82, 7, 10, 45),
(83, 7, 11, 25),
(84, 7, 12, 10),
(85, 8, 1, 5),
(86, 8, 2, 2),
(87, 8, 3, 2),
(88, 8, 4, 4),
(89, 8, 5, 6),
(90, 8, 6, 8),
(91, 8, 7, 3),
(92, 8, 8, 4),
(93, 8, 9, 3),
(94, 8, 10, 2),
(95, 8, 11, 4),
(96, 8, 12, 3),
(97, 9, 1, 30),
(98, 9, 2, 32),
(99, 9, 3, 30),
(100, 9, 4, 40),
(101, 9, 5, 34),
(102, 9, 6, 60),
(103, 9, 7, 48),
(104, 9, 8, 41),
(105, 9, 9, 39),
(106, 9, 10, 38),
(107, 9, 11, 42),
(108, 9, 12, 47),
(109, 10, 1, 350),
(110, 10, 2, 400),
(111, 10, 3, 650),
(112, 10, 4, 728),
(113, 10, 5, 1100),
(114, 10, 6, 800),
(115, 10, 7, 629),
(116, 10, 8, 540),
(117, 10, 9, 380),
(118, 10, 10, 485),
(119, 10, 11, 376),
(120, 10, 12, 342),
(121, 11, 1, 899),
(122, 11, 2, 890),
(123, 11, 3, 615),
(124, 11, 4, 1067),
(125, 11, 5, 990),
(126, 11, 6, 917),
(127, 11, 7, 863),
(128, 11, 8, 790),
(129, 11, 9, 940),
(130, 11, 10, 742),
(131, 11, 11, 845),
(132, 11, 12, 790),
(133, 12, 1, 3),
(134, 12, 2, 4),
(135, 12, 3, 3),
(136, 12, 4, 6),
(137, 12, 5, 9),
(138, 12, 6, 3),
(139, 12, 7, 11),
(140, 12, 8, 4),
(141, 12, 9, 5),
(142, 12, 10, 7),
(143, 12, 11, 1),
(144, 12, 12, 1),
(145, 13, 1, 38),
(146, 13, 2, 42),
(147, 13, 3, 37),
(148, 13, 4, 46),
(149, 13, 5, 29),
(150, 13, 6, 41),
(151, 13, 7, 37),
(152, 13, 8, 34),
(153, 13, 9, 39),
(154, 13, 10, 44),
(155, 13, 11, 55),
(156, 13, 12, 58),
(157, 14, 1, 3),
(158, 14, 2, 4),
(159, 14, 3, 2),
(160, 14, 4, 3),
(161, 14, 5, 2),
(162, 14, 6, 1),
(163, 14, 7, 2),
(164, 14, 8, 3),
(165, 14, 9, 4),
(166, 14, 10, 2),
(167, 14, 11, 2),
(168, 14, 12, 2),
(169, 15, 1, 370),
(170, 15, 2, 340),
(171, 15, 3, 412),
(172, 15, 4, 356),
(173, 15, 5, 291),
(174, 15, 6, 341),
(175, 15, 7, 437),
(176, 15, 8, 315),
(177, 15, 9, 296),
(178, 15, 10, 342),
(179, 15, 11, 275),
(180, 15, 12, 225),
(181, 16, 1, 99),
(182, 16, 2, 227),
(183, 16, 3, 300),
(184, 16, 4, 234),
(185, 16, 5, 234),
(186, 16, 6, 167),
(187, 16, 7, 321),
(188, 16, 8, 450),
(189, 16, 9, 231),
(190, 16, 10, 178),
(191, 16, 11, 212),
(192, 16, 12, 455),
(193, 17, 1, 7),
(194, 17, 2, 6),
(195, 17, 3, 9),
(196, 17, 4, 8),
(197, 17, 5, 7),
(198, 17, 6, 8),
(199, 17, 7, 5),
(200, 17, 8, 6),
(201, 17, 9, 7),
(202, 17, 10, 4),
(203, 17, 11, 8),
(204, 17, 12, 5),
(205, 18, 1, 316),
(206, 18, 2, 279),
(207, 18, 3, 302),
(208, 18, 4, 285),
(209, 18, 5, 377),
(210, 18, 6, 327),
(211, 18, 7, 288),
(212, 18, 8, 301),
(213, 18, 9, 259),
(214, 18, 10, 286),
(215, 18, 11, 241),
(216, 18, 12, 239),
(217, 19, 1, 177),
(218, 19, 2, 109),
(219, 19, 3, 286),
(220, 19, 4, 205),
(221, 19, 5, 186),
(222, 19, 6, 165),
(223, 19, 7, 112),
(224, 19, 8, 175),
(225, 19, 9, 101),
(226, 19, 10, 86),
(227, 19, 11, 112),
(228, 19, 12, 86),
(229, 20, 1, 350),
(230, 20, 2, 212),
(231, 20, 3, 217),
(232, 20, 4, 360),
(233, 20, 5, 421),
(234, 20, 6, 300),
(235, 20, 7, 4000),
(236, 20, 8, 6000),
(237, 20, 9, 1800),
(238, 20, 10, 3000),
(239, 20, 11, 2500),
(240, 20, 12, 1500),
(241, 21, 1, 3),
(242, 21, 2, 2),
(243, 21, 3, 1),
(244, 21, 4, 2),
(245, 21, 5, 4),
(246, 21, 6, 3),
(247, 21, 7, 2),
(248, 21, 8, 5),
(249, 21, 9, 2),
(250, 21, 10, 2),
(251, 21, 11, 1),
(252, 21, 12, 3),
(253, 22, 1, 21),
(254, 22, 2, 17),
(255, 22, 3, 20),
(256, 22, 4, 19),
(257, 22, 5, 23),
(258, 22, 6, 21),
(259, 22, 7, 19),
(260, 22, 8, 17),
(261, 22, 9, 23),
(262, 22, 10, 11),
(263, 22, 11, 13),
(264, 22, 12, 12),
(265, 23, 1, 41),
(266, 23, 2, 36),
(267, 23, 3, 44),
(268, 23, 4, 29),
(269, 23, 5, 39),
(270, 23, 6, 36),
(271, 23, 7, 36),
(272, 23, 8, 27),
(273, 23, 9, 31),
(274, 23, 10, 42),
(275, 23, 11, 37),
(276, 23, 12, 52),
(277, 24, 1, 10),
(278, 24, 2, 99),
(279, 24, 3, 14),
(280, 24, 4, 17),
(281, 24, 5, 15),
(282, 24, 6, 43),
(283, 24, 7, 67),
(284, 24, 8, 34),
(285, 24, 9, 23),
(286, 24, 10, 12),
(287, 24, 11, 11),
(288, 24, 12, 13),
(289, 25, 1, 10),
(290, 25, 2, 20),
(291, 25, 3, 11),
(292, 25, 4, 11),
(293, 25, 5, 32),
(294, 25, 6, 38),
(295, 25, 7, 17),
(296, 25, 8, 22),
(297, 25, 9, 17),
(298, 25, 10, 14),
(299, 25, 11, 12),
(300, 25, 12, 61),
(301, 26, 1, 12),
(302, 26, 2, 12),
(303, 26, 3, 14),
(304, 26, 4, 11),
(305, 26, 5, 9),
(306, 26, 6, 12),
(307, 26, 7, 45),
(308, 26, 8, 23),
(309, 26, 9, 27),
(310, 26, 10, 12),
(311, 26, 11, 12),
(312, 26, 12, 11),
(322, 27, 1, 1),
(323, 27, 2, 2),
(324, 27, 3, 1),
(325, 27, 4, 1),
(326, 27, 5, 1),
(327, 27, 6, 1),
(328, 27, 7, 1),
(329, 27, 8, 1),
(330, 27, 9, 2),
(331, 27, 10, 1),
(332, 27, 11, 1),
(333, 27, 12, 2),
(334, 28, 1, 819),
(335, 28, 2, 789),
(336, 28, 3, 888),
(337, 28, 4, 679),
(338, 28, 5, 743),
(339, 28, 6, 816),
(340, 28, 7, 914),
(341, 28, 8, 827),
(342, 28, 9, 921),
(343, 28, 10, 764),
(344, 28, 11, 820),
(345, 28, 12, 718),
(346, 29, 1, 12),
(347, 29, 2, 22),
(348, 29, 3, 4),
(349, 29, 4, 7),
(350, 29, 5, 8),
(351, 29, 6, 4),
(352, 29, 7, 3),
(353, 29, 8, 4),
(354, 29, 9, 9),
(355, 29, 10, 4),
(356, 29, 11, 3),
(357, 29, 12, 4),
(358, 30, 1, 30),
(359, 30, 2, 24),
(360, 30, 3, 21),
(361, 30, 4, 12),
(362, 30, 5, 5),
(363, 30, 6, 8),
(364, 30, 7, 15),
(365, 30, 8, 17),
(366, 30, 9, 16),
(367, 30, 10, 6),
(368, 30, 11, 9),
(369, 30, 12, 9),
(370, 31, 1, 18),
(371, 31, 2, 20),
(372, 31, 3, 31),
(373, 31, 4, 12),
(374, 31, 5, 19),
(375, 31, 6, 29),
(376, 31, 7, 14),
(377, 31, 8, 56),
(378, 31, 9, 46),
(379, 31, 10, 64),
(380, 31, 11, 12),
(381, 31, 12, 11),
(382, 32, 1, 47),
(383, 32, 2, 39),
(384, 32, 3, 46),
(385, 32, 4, 58),
(386, 32, 5, 41),
(387, 32, 6, 58),
(388, 32, 7, 51),
(389, 32, 8, 41),
(390, 32, 9, 38),
(391, 32, 10, 47),
(392, 32, 11, 45),
(393, 32, 12, 39),
(394, 33, 1, 27),
(395, 33, 2, 23),
(396, 33, 3, 34),
(397, 33, 4, 33),
(398, 33, 5, 28),
(399, 33, 6, 41),
(400, 33, 7, 29),
(401, 33, 8, 38),
(402, 33, 9, 21),
(403, 33, 10, 26),
(404, 33, 11, 28),
(405, 33, 12, 22),
(406, 34, 1, 38),
(407, 34, 2, 31),
(408, 34, 3, 28),
(409, 34, 4, 29),
(410, 34, 5, 42),
(411, 34, 6, 40),
(412, 34, 7, 35),
(413, 34, 8, 36),
(414, 34, 9, 37),
(415, 34, 10, 35),
(416, 34, 11, 29),
(417, 34, 12, 20),
(418, 35, 1, 20),
(419, 35, 2, 10),
(420, 35, 3, 23),
(421, 35, 4, 12),
(422, 35, 5, 2),
(423, 35, 6, 75),
(424, 35, 7, 20),
(425, 35, 8, 100),
(426, 35, 9, 150),
(427, 35, 10, 20),
(428, 35, 11, 5),
(429, 35, 12, 10),
(430, 36, 1, 30),
(431, 36, 2, 20),
(432, 36, 3, 25),
(433, 36, 4, 15),
(434, 36, 5, 50),
(435, 36, 6, 35),
(436, 36, 7, 100),
(437, 36, 8, 30),
(438, 36, 9, 25),
(439, 36, 10, 45),
(440, 36, 11, 25),
(441, 36, 12, 10),
(442, 37, 1, 6),
(443, 37, 2, 4),
(444, 37, 3, 2),
(445, 37, 4, 5),
(446, 37, 5, 7),
(447, 37, 6, 6),
(448, 37, 7, 2),
(449, 37, 8, 2),
(450, 37, 9, 1),
(451, 37, 10, 4),
(452, 37, 11, 3),
(453, 37, 12, 2),
(454, 38, 1, 39),
(455, 38, 2, 40),
(456, 38, 3, 38),
(457, 38, 4, 46),
(458, 38, 5, 43),
(459, 38, 6, 62),
(460, 38, 7, 48),
(461, 38, 8, 41),
(462, 38, 9, 39),
(463, 38, 10, 38),
(464, 38, 11, 42),
(465, 38, 12, 47),
(466, 39, 1, 350),
(467, 39, 2, 400),
(468, 39, 3, 650),
(469, 39, 4, 728),
(470, 39, 5, 1100),
(471, 39, 6, 800),
(472, 39, 7, 629),
(473, 39, 8, 540),
(474, 39, 9, 380),
(475, 39, 10, 485),
(476, 39, 11, 376),
(477, 39, 12, 342),
(478, 40, 1, 987),
(479, 40, 2, 820),
(480, 40, 3, 715),
(481, 40, 4, 1050),
(482, 40, 5, 876),
(483, 40, 6, 917),
(484, 40, 7, 863),
(485, 40, 8, 790),
(486, 40, 9, 940),
(487, 40, 10, 742),
(488, 40, 11, 845),
(489, 40, 12, 790),
(490, 41, 1, 2),
(491, 41, 2, 5),
(492, 41, 3, 4),
(493, 41, 4, 1),
(494, 41, 5, 1),
(495, 41, 6, 1),
(496, 41, 7, 1),
(497, 41, 8, 5),
(498, 41, 9, 1),
(499, 41, 10, 3),
(500, 41, 11, 2),
(501, 41, 12, 1),
(502, 42, 1, 38),
(503, 42, 2, 42),
(504, 42, 3, 37),
(505, 42, 4, 46),
(506, 42, 5, 29),
(507, 42, 6, 41),
(508, 42, 7, 37),
(509, 42, 8, 34),
(510, 42, 9, 39),
(511, 42, 10, 44),
(512, 42, 11, 55),
(513, 42, 12, 58),
(514, 43, 1, 3),
(515, 43, 2, 4),
(516, 43, 3, 2),
(517, 43, 4, 3),
(518, 43, 5, 2),
(519, 43, 6, 1),
(520, 43, 7, 2),
(521, 43, 8, 3),
(522, 43, 9, 4),
(523, 43, 10, 2),
(524, 43, 11, 2),
(525, 43, 12, 2),
(526, 44, 1, 370),
(527, 44, 2, 340),
(528, 44, 3, 412),
(529, 44, 4, 356),
(530, 44, 5, 291),
(531, 44, 6, 341),
(532, 44, 7, 437),
(533, 44, 8, 315),
(534, 44, 9, 296),
(535, 44, 10, 342),
(536, 44, 11, 275),
(537, 44, 12, 225),
(538, 45, 1, 100),
(539, 45, 2, 135),
(540, 45, 3, 400),
(541, 45, 4, 135),
(542, 45, 5, 250),
(543, 45, 6, 300),
(544, 45, 7, 200),
(545, 45, 8, 500),
(546, 45, 9, 146),
(547, 45, 10, 150),
(548, 45, 11, 200),
(549, 45, 12, 500),
(550, 46, 1, 7),
(551, 46, 2, 6),
(552, 46, 3, 9),
(553, 46, 4, 8),
(554, 46, 5, 7),
(555, 46, 6, 8),
(556, 46, 7, 5),
(557, 46, 8, 6),
(558, 46, 9, 7),
(559, 46, 10, 4),
(560, 46, 11, 8),
(561, 46, 12, 5),
(562, 47, 1, 316),
(563, 47, 2, 279),
(564, 47, 3, 302),
(565, 47, 4, 285),
(566, 47, 5, 377),
(567, 47, 6, 327),
(568, 47, 7, 288),
(569, 47, 8, 301),
(570, 47, 9, 259),
(571, 47, 10, 286),
(572, 47, 11, 241),
(573, 47, 12, 239),
(574, 48, 1, 177),
(575, 48, 2, 109),
(576, 48, 3, 286),
(577, 48, 4, 205),
(578, 48, 5, 186),
(579, 48, 6, 165),
(580, 48, 7, 112),
(581, 48, 8, 175),
(582, 48, 9, 101),
(583, 48, 10, 86),
(584, 48, 11, 112),
(585, 48, 12, 86),
(586, 49, 1, 300),
(587, 49, 2, 200),
(588, 49, 3, 250),
(589, 49, 4, 350),
(590, 49, 5, 400),
(591, 49, 6, 600),
(592, 49, 7, 5000),
(593, 49, 8, 6000),
(594, 49, 9, 2000),
(595, 49, 10, 3000),
(596, 49, 11, 2500),
(597, 49, 12, 1500),
(602, 50, 1, 3),
(603, 50, 2, 2),
(604, 50, 3, 1),
(605, 50, 4, 2),
(606, 50, 5, 4),
(607, 50, 6, 3),
(608, 50, 7, 2),
(609, 50, 8, 5),
(610, 50, 9, 2),
(611, 50, 10, 2),
(612, 50, 11, 1),
(613, 50, 12, 3),
(614, 51, 1, 21),
(615, 51, 2, 17),
(616, 51, 3, 20),
(617, 51, 4, 19),
(618, 51, 5, 23),
(619, 51, 6, 21),
(620, 51, 7, 19),
(621, 51, 8, 17),
(622, 51, 9, 23),
(623, 51, 10, 11),
(624, 51, 11, 13),
(625, 51, 12, 12),
(626, 52, 1, 41),
(627, 52, 2, 36),
(628, 52, 3, 44),
(629, 52, 4, 29),
(630, 52, 5, 39),
(631, 52, 6, 36),
(632, 52, 7, 36),
(633, 52, 8, 27),
(634, 52, 9, 31),
(635, 52, 10, 42),
(636, 52, 11, 37),
(637, 52, 12, 52),
(638, 53, 1, 12),
(639, 53, 2, 111),
(640, 53, 3, 13),
(641, 53, 4, 15),
(642, 53, 5, 16),
(643, 53, 6, 45),
(644, 53, 7, 67),
(645, 53, 8, 34),
(646, 53, 9, 23),
(647, 53, 10, 12),
(648, 53, 11, 11),
(649, 53, 12, 13),
(650, 54, 1, 12),
(651, 54, 2, 23),
(652, 54, 3, 12),
(653, 54, 4, 13),
(654, 54, 5, 34),
(655, 54, 6, 35),
(656, 54, 7, 12),
(657, 54, 8, 21),
(658, 54, 9, 11),
(659, 54, 10, 14),
(660, 54, 11, 12),
(661, 54, 12, 61),
(662, 55, 1, 12),
(663, 55, 2, 12),
(664, 55, 3, 14),
(665, 55, 4, 11),
(666, 55, 5, 9),
(667, 55, 6, 12),
(668, 55, 7, 45),
(669, 55, 8, 23),
(670, 55, 9, 27),
(671, 55, 10, 12),
(672, 55, 11, 12),
(673, 55, 12, 11),
(674, 56, 1, 1),
(675, 56, 2, 2),
(676, 56, 3, 1),
(677, 56, 4, 1),
(678, 56, 5, 1),
(679, 56, 6, 1),
(680, 56, 7, 1),
(681, 56, 8, 1),
(682, 56, 9, 2),
(683, 56, 10, 1),
(684, 56, 11, 1),
(685, 56, 12, 2),
(686, 57, 1, 712),
(687, 57, 2, 820),
(688, 57, 3, 789),
(689, 57, 4, 866),
(690, 57, 5, 972),
(691, 57, 6, 816),
(692, 57, 7, 914),
(693, 57, 8, 827),
(694, 57, 9, 921),
(695, 57, 10, 764),
(696, 57, 11, 820),
(697, 57, 12, 718),
(698, 58, 1, 11),
(699, 58, 2, 12),
(700, 58, 3, 5),
(701, 58, 4, 7),
(702, 58, 5, 8),
(703, 58, 6, 4),
(704, 58, 7, 3),
(705, 58, 8, 4),
(706, 58, 9, 9),
(707, 58, 10, 4),
(708, 58, 11, 3),
(709, 58, 12, 4),
(710, 59, 1, 34),
(711, 59, 2, 23),
(712, 59, 3, 22),
(713, 59, 4, 11),
(714, 59, 5, 5),
(715, 59, 6, 8),
(716, 59, 7, 11),
(717, 59, 8, 18),
(718, 59, 9, 17),
(719, 59, 10, 5),
(720, 59, 11, 6),
(721, 59, 12, 7);

-- --------------------------------------------------------

--
-- Table structure for table `tbl_user`
--

CREATE TABLE `tbl_user` (
  `kd_user` int(11) NOT NULL,
  `nama_user` varchar(200) NOT NULL,
  `username` varchar(100) NOT NULL,
  `pass` varchar(100) NOT NULL,
  `lvl` int(11) NOT NULL,
  `st_user` int(11) NOT NULL
) ENGINE=InnoDB DEFAULT CHARSET=latin1;

--
-- Dumping data for table `tbl_user`
--

INSERT INTO `tbl_user` (`kd_user`, `nama_user`, `username`, `pass`, `lvl`, `st_user`) VALUES
(1, 'Super Admin', 'su', '1234', 1, 1),
(2, 'Admin', 'admin', '1234', 2, 1),
(3, 'Petugas Pelayanan', 'petugas', '1234', 3, 1);

-- --------------------------------------------------------

--
-- Stand-in structure for view `vw_conf_mat`
-- (See below for the actual view)
--
CREATE TABLE `vw_conf_mat` (
`kd_obat` int(11)
,`jenis_obat` varchar(200)
,`nama_obat` varchar(200)
,`total_pakai` decimal(32,0)
,`jumlah_obat` bigint(21)
,`selisih` decimal(33,0)
,`jumlah_hasil` decimal(32,0)
);

-- --------------------------------------------------------

--
-- Stand-in structure for view `vw_frekuensi`
-- (See below for the actual view)
--
CREATE TABLE `vw_frekuensi` (
`kd_obat` int(11)
,`nama_obat` varchar(200)
,`jml_pakai` int(11)
,`frekuensi` bigint(21)
);

-- --------------------------------------------------------

--
-- Stand-in structure for view `vw_hasil_2018`
-- (See below for the actual view)
--
CREATE TABLE `vw_hasil_2018` (
`kd_hasil_pre` int(11)
,`jenis_obat` varchar(200)
,`nama_obat` varchar(200)
,`jumlah_hasil` decimal(32,0)
,`tahun` year(4)
);

-- --------------------------------------------------------

--
-- Stand-in structure for view `vw_jml_obat`
-- (See below for the actual view)
--
CREATE TABLE `vw_jml_obat` (
`kd_obat` int(11)
,`jenis_obat` varchar(200)
,`nama_obat` varchar(200)
,`stok_obat` int(11)
,`satuan_obat` int(11)
,`tahun` year(4)
,`jumlah_obat` bigint(21)
);

-- --------------------------------------------------------

--
-- Stand-in structure for view `vw_selisih`
-- (See below for the actual view)
--
CREATE TABLE `vw_selisih` (
`kd_obat` int(11)
,`jenis_obat` varchar(200)
,`nama_obat` varchar(200)
,`total_pakai` decimal(32,0)
,`jumlah_obat` bigint(21)
,`selisih` decimal(33,0)
);

-- --------------------------------------------------------

--
-- Stand-in structure for view `vw_t_pakai_19`
-- (See below for the actual view)
--
CREATE TABLE `vw_t_pakai_19` (
`kd_obat` int(11)
,`jenis_obat` varchar(200)
,`nama_obat` varchar(200)
,`total_pakai` decimal(32,0)
);

-- --------------------------------------------------------

--
-- Structure for view `vw_conf_mat`
--
DROP TABLE IF EXISTS `vw_conf_mat`;

CREATE ALGORITHM=UNDEFINED DEFINER=`root`@`localhost` SQL SECURITY DEFINER VIEW `vw_conf_mat`  AS  (select `a`.`kd_obat` AS `kd_obat`,`a`.`jenis_obat` AS `jenis_obat`,`a`.`nama_obat` AS `nama_obat`,`a`.`total_pakai` AS `total_pakai`,`a`.`jumlah_obat` AS `jumlah_obat`,`a`.`selisih` AS `selisih`,`b`.`jumlah_hasil` AS `jumlah_hasil` from (`vw_selisih` `a` join `vw_hasil_2018` `b`) where ((`a`.`jenis_obat` = `b`.`jenis_obat`) and (`a`.`nama_obat` = `b`.`nama_obat`))) ;

-- --------------------------------------------------------

--
-- Structure for view `vw_frekuensi`
--
DROP TABLE IF EXISTS `vw_frekuensi`;

CREATE ALGORITHM=UNDEFINED DEFINER=`root`@`localhost` SQL SECURITY DEFINER VIEW `vw_frekuensi`  AS  (select `a`.`kd_obat` AS `kd_obat`,`b`.`nama_obat` AS `nama_obat`,`a`.`jml_pakai` AS `jml_pakai`,count(`a`.`jml_pakai`) AS `frekuensi` from (`tbl_pakai` `a` join `tbl_obat` `b`) where (`a`.`kd_obat` = `b`.`kd_obat`) group by `a`.`jml_pakai`,`a`.`kd_obat`) ;

-- --------------------------------------------------------

--
-- Structure for view `vw_hasil_2018`
--
DROP TABLE IF EXISTS `vw_hasil_2018`;

CREATE ALGORITHM=UNDEFINED DEFINER=`root`@`localhost` SQL SECURITY DEFINER VIEW `vw_hasil_2018`  AS  (select `a`.`kd_hasil_pre` AS `kd_hasil_pre`,`b`.`jenis_obat` AS `jenis_obat`,`b`.`nama_obat` AS `nama_obat`,sum(`a`.`hasil`) AS `jumlah_hasil`,`b`.`tahun` AS `tahun` from (`tbl_hasil_prediksi` `a` join `tbl_obat` `b`) where ((`a`.`kd_obat` = `b`.`kd_obat`) and (`b`.`tahun` = 2018)) group by `a`.`kd_obat`) ;

-- --------------------------------------------------------

--
-- Structure for view `vw_jml_obat`
--
DROP TABLE IF EXISTS `vw_jml_obat`;

CREATE ALGORITHM=UNDEFINED DEFINER=`root`@`localhost` SQL SECURITY DEFINER VIEW `vw_jml_obat`  AS  (select `tbl_obat`.`kd_obat` AS `kd_obat`,`tbl_obat`.`jenis_obat` AS `jenis_obat`,`tbl_obat`.`nama_obat` AS `nama_obat`,`tbl_obat`.`stok_obat` AS `stok_obat`,`tbl_obat`.`satuan_obat` AS `satuan_obat`,`tbl_obat`.`tahun` AS `tahun`,(`tbl_obat`.`satuan_obat` * `tbl_obat`.`stok_obat`) AS `jumlah_obat` from `tbl_obat`) ;

-- --------------------------------------------------------

--
-- Structure for view `vw_selisih`
--
DROP TABLE IF EXISTS `vw_selisih`;

CREATE ALGORITHM=UNDEFINED DEFINER=`root`@`localhost` SQL SECURITY DEFINER VIEW `vw_selisih`  AS  (select `a`.`kd_obat` AS `kd_obat`,`a`.`jenis_obat` AS `jenis_obat`,`a`.`nama_obat` AS `nama_obat`,`a`.`total_pakai` AS `total_pakai`,`b`.`jumlah_obat` AS `jumlah_obat`,(`b`.`jumlah_obat` - `a`.`total_pakai`) AS `selisih` from (`vw_t_pakai_19` `a` join `vw_jml_obat` `b`) where (`a`.`kd_obat` = `b`.`kd_obat`)) ;

-- --------------------------------------------------------

--
-- Structure for view `vw_t_pakai_19`
--
DROP TABLE IF EXISTS `vw_t_pakai_19`;

CREATE ALGORITHM=UNDEFINED DEFINER=`root`@`localhost` SQL SECURITY DEFINER VIEW `vw_t_pakai_19`  AS  (select `a`.`kd_obat` AS `kd_obat`,`b`.`jenis_obat` AS `jenis_obat`,`b`.`nama_obat` AS `nama_obat`,sum(`a`.`jml_pakai`) AS `total_pakai` from (`tbl_pakai` `a` join `tbl_obat` `b`) where ((`a`.`kd_obat` = `b`.`kd_obat`) and (`b`.`tahun` = 2019)) group by `b`.`kd_obat`) ;

--
-- Indexes for dumped tables
--

--
-- Indexes for table `tbl_hasil`
--
ALTER TABLE `tbl_hasil`
  ADD PRIMARY KEY (`kd_hasil`);

--
-- Indexes for table `tbl_hasil_prediksi`
--
ALTER TABLE `tbl_hasil_prediksi`
  ADD PRIMARY KEY (`kd_hasil_pre`);

--
-- Indexes for table `tbl_obat`
--
ALTER TABLE `tbl_obat`
  ADD PRIMARY KEY (`kd_obat`);

--
-- Indexes for table `tbl_pakai`
--
ALTER TABLE `tbl_pakai`
  ADD PRIMARY KEY (`kd_pakai`);

--
-- Indexes for table `tbl_user`
--
ALTER TABLE `tbl_user`
  ADD PRIMARY KEY (`kd_user`);

--
-- AUTO_INCREMENT for dumped tables
--

--
-- AUTO_INCREMENT for table `tbl_hasil`
--
ALTER TABLE `tbl_hasil`
  MODIFY `kd_hasil` int(11) NOT NULL AUTO_INCREMENT, AUTO_INCREMENT=531;

--
-- AUTO_INCREMENT for table `tbl_hasil_prediksi`
--
ALTER TABLE `tbl_hasil_prediksi`
  MODIFY `kd_hasil_pre` int(11) NOT NULL AUTO_INCREMENT, AUTO_INCREMENT=1035;

--
-- AUTO_INCREMENT for table `tbl_obat`
--
ALTER TABLE `tbl_obat`
  MODIFY `kd_obat` int(11) NOT NULL AUTO_INCREMENT, AUTO_INCREMENT=60;

--
-- AUTO_INCREMENT for table `tbl_pakai`
--
ALTER TABLE `tbl_pakai`
  MODIFY `kd_pakai` int(11) NOT NULL AUTO_INCREMENT, AUTO_INCREMENT=722;

--
-- AUTO_INCREMENT for table `tbl_user`
--
ALTER TABLE `tbl_user`
  MODIFY `kd_user` int(11) NOT NULL AUTO_INCREMENT, AUTO_INCREMENT=4;
COMMIT;

/*!40101 SET CHARACTER_SET_CLIENT=@OLD_CHARACTER_SET_CLIENT */;
/*!40101 SET CHARACTER_SET_RESULTS=@OLD_CHARACTER_SET_RESULTS */;
/*!40101 SET COLLATION_CONNECTION=@OLD_COLLATION_CONNECTION */;
